IsoTemp	Yeast_sp	pval	Observed	Expected	Difference	BH_Padj
10	Candida sake	0	33	15.4551	17.5449	0
10	Cystofilobasidium capitatum	0	59	25.7615	33.2385	0
10	Mrakia gelida	0	44	20.2242	23.7758	0
10	Mrakia sp.	0	70	30.4835	39.5165	0
30	Kluyveromyces marxianus	0	11	3.6593	7.3407	0
30	Lachancea kluyveri	0	19	6.7723	12.2277	0
30	Lecythophora sp.	0	7	1.7999	5.2001	0
30	Metschnikowia pulcherrima sp. complex	0	30	16.1864	13.8136	0
4	Mrakia blollopis	1e-04	5	0.6099	4.3901	0.00443
4	Mrakia gelida	1e-04	11	2.7683	8.2317	0.00443
4	Mrakiella cryoconiti	2e-04	3	0.2016	2.7984	0.00805454545454545
30	Saccharomyces cerevisiae	5e-04	15	6.5073	8.4927	0.0170384615384615
4	Mrakia sp.	5e-04	13	4.16	8.84	0.0170384615384615
10	Rhodotorula fujisanensis	7e-04	7	2.5533	4.4467	0.02215
4	Cystofilobasidium capitatum	0.0017	10	3.5268	6.4732	0.0498375
30	Candida pseudolambica	0.0018	7	2.328	4.672	0.0498375
30	Torulaspora delbrueckii	0.0022	48	33.3741	14.6259	0.054847619047619
30	Kazachstania martiniae	0.0024	20	10.9282	9.0718	0.054847619047619
4	Rhodotorula kratochvilovae	0.0024	2	0.1017	1.8983	0.054847619047619
10	Tausonia pullulans	0.0026	9	4.0163	4.9837	0.054847619047619
4	Kwoniella heavenensis	0.0026	2	0.0991	1.9009	0.054847619047619
30	Pichia manshurica	0.0033	8	3.1115	4.8885	0.06645
30	Pichia kudriavzevii	0.0035	7	2.6249	4.3751	0.0674130434782609
22	Candida railenensis	0.0039	22	13.5303	8.4697	0.07088
30	Schizosaccharomyces japonicus	0.004	4	1.0336	2.9664	0.07088
30	Kluyveromyces lactis	0.0043	16	8.5942	7.4058	0.0732653846153846
22	Cyberlindnera saturnus	0.0047	22	13.4525	8.5475	0.0771148148148148
30	Vanrija humicola	0.0053	6	2.0963	3.9037	0.0838535714285714
4	Cryptococcus sp.	0.0057	3	0.4347	2.5653	0.0870724137931035
10	Cystofilobasidium infirmominatum	0.0068	5	1.8175	3.1825	0.100413333333333
22	Kazachstania servazzii	0.0075	7	2.8739	4.1261	0.107177419354839
30	Lachancea fermentati	0.0084	10	4.696	5.304	0.1162875
30	Saccharomyces paradoxus	0.0092	21	13.2862	7.7138	0.12350303030303
22	Kazachstania serrabonitensis	0.0103	4	1.2969	2.7031	0.134202941176471
22	Sydowia polyspora	0.0109	4	1.2792	2.7208	0.137962857142857
30	Pichia membranifaciens	0.0118	6	2.3244	3.6756	0.145205555555556
22	Cryptococcus pinus	0.0124	5	1.9135	3.0865	0.146889473684211
22	Kazachstania martiniae	0.0126	21	13.5024	7.4976	0.146889473684211
30	Debaryomyces hansenii	0.0131	6	2.354	3.646	0.148026829268293
30	Meyerozyma caribbica	0.0134	10	4.9344	5.0656	0.148026829268293
22	Torulaspora delbrueckii	0.0137	53	41.179	11.821	0.148026829268293
10	Leucosporidium scottii	0.015	7	3.3049	3.6951	0.158214285714286
10	Curvibasidium cygneicollum	0.0154	13	7.6579	5.3421	0.158655813953488
22	Saccharomyces paradoxus	0.0165	24	16.3288	7.6712	0.166125
30	Metschnikowia sp.	0.018	3	0.7894	2.2106	0.174310869565217
30	Kuraishia molischiana	0.0181	3	0.7868	2.2132	0.174310869565217
4	Curvibasidium cygneicollum	0.0185	4	1.0628	2.9372	0.174372340425532
22	Lachancea thermotolerans	0.0193	19	12.5693	6.4307	0.178122916666667
22	Hanseniaspora uvarum	0.0227	36	27.0126	8.9874	0.205226530612245
10	Rhodosporidiobolus colostri	0.0281	5	2.2296	2.7704	0.247558823529412
10	Cryptococcus victoriae	0.0285	5	2.1949	2.8051	0.247558823529412
22	Candida inconspicua	0.0323	3	0.9598	2.0402	0.275171153846154
4	Dothiora sorbi	0.0464	1	0.0464	0.9536	0.353115942028985
4	Mrakia frigida	0.0469	2	0.363	1.637	0.353115942028985
4	Sporidiobolales sp.	0.0482	1	0.0482	0.9518	0.353115942028985
10	Kwoniella betulae	0.0487	3	1.0908	1.9092	0.353115942028985
4	Diozsegia sp.	0.0488	1	0.0488	0.9512	0.353115942028985
4	Cryptococcus filicatus	0.0493	1	0.0493	0.9507	0.353115942028985
4	Cystofilobasidium macerans	0.0501	1	0.0501	0.9499	0.353115942028985
10	Rhodotorula nothofagi	0.0505	10	6.2424	3.7576	0.353115942028985
4	Cryptococcus aquaticus	0.0507	1	0.0507	0.9493	0.353115942028985
4	Phenoliferia glacialis	0.0509	1	0.0509	0.9491	0.353115942028985
4	Caulerpa cupressoides	0.0512	1	0.0512	0.9488	0.353115942028985
4	Thelebolus sp.	0.0515	1	0.0515	0.9485	0.353115942028985
4	Krasilnikovozyma huempii	0.0527	1	0.0527	0.9473	0.353115942028985
30	Wickerhamomyces anomalus	0.0528	9	5.2388	3.7612	0.353115942028985
4	Mrakia aquatica	0.0541	1	0.0541	0.9459	0.353115942028985
10	Kodamaea meredithiae	0.0544	3	1.1091	1.8909	0.353115942028985
4	Rhodotorula sp.	0.055	1	0.055	0.945	0.353115942028985
30	Scheffersomyces spartinae	0.0574	3	1.0544	1.9456	0.36326
22	Hanseniaspora vineae	0.0585	13	8.6609	4.3391	0.365007042253521
30	Candida glabrata	0.0637	2	0.5071	1.4929	0.391931944444444
30	Ogataea naganishii	0.0658	2	0.5103	1.4897	0.399290666666667
10	Candida pseudoglaebosa	0.0669	5	2.5811	2.4189	0.399290666666667
10	Mrakia frigida	0.0676	5	2.5602	2.4398	0.399290666666667
10	Leotiomycetes sp.	0.0686	7	4.0328	2.9672	0.399865789473684
22	Suhomyces bolitotheri	0.0838	7	4.1715	2.8285	0.482122077922078
30	Candida boleticola	0.0925	5	2.6266	2.3734	0.505116304347826
4	Pueraria montana	0.0975	1	0.0992	0.9008	0.505116304347826
22	Pichia galeiformis	0.0976	2	0.6375	1.3625	0.505116304347826
22	Cyberlindnera fabianii	0.0979	2	0.6449	1.3551	0.505116304347826
4	Holtermanniella takashimae	0.0982	1	0.1	0.9	0.505116304347826
22	Torulaspora microellipsoides	0.1006	2	0.6382	1.3618	0.505116304347826
4	Coniochaeta ligniaria	0.1007	1	0.1037	0.8963	0.505116304347826
22	Suhomyces ambrosiae	0.1011	3	1.296	1.704	0.505116304347826
10	Kluyveromyces dobzhanskii	0.1015	11	7.724	3.276	0.505116304347826
22	Saturnispora zaruensis	0.1022	2	0.6414	1.3586	0.505116304347826
4	Goffeauzyma gastrica	0.1022	1	0.1047	0.8953	0.505116304347826
22	Cryptococcus pseudolongus	0.1026	2	0.6379	1.3621	0.505116304347826
22	Lachancea waltii	0.1039	2	0.6512	1.3488	0.505116304347826
4	Leucosporidium fellii	0.104	1	0.1068	0.8932	0.505116304347826
22	Lachancea thermotolerans/quebecensis	0.1049	3	1.2846	1.7154	0.505116304347826
22	Scleroconidioma sphagnicola	0.1062	2	0.6467	1.3533	0.505877419354839
10	Mrakia blollopis	0.1091	7	4.3987	2.6013	0.512947368421053
22	Vanrija albida	0.11	2	0.6514	1.3486	0.512947368421053
22	Scheffersomyces ergatensis	0.1119	9	6.0805	2.9195	0.516371875
30	Cyberlindnera veronae	0.1156	3	1.2891	1.7109	0.523545454545455
30	Lachancea thermotolerans	0.116	14	10.167	3.833	0.523545454545455
30	Candida mycetangii	0.117	3	1.3135	1.6865	0.523545454545455
30	Candida albicans	0.1215	3	1.328	1.672	0.538245
22	Trichosporon porosum	0.1254	7	4.4826	2.5174	0.550021782178218
22	Candida santamariae	0.1275	5	2.8938	2.1062	0.550058333333333
10	Cryptococcus wisconsinensis	0.1283	2	0.7269	1.2731	0.550058333333333
10	Cyberlindnera misumaiensis	0.1307	2	0.7222	1.2778	0.550058333333333
10	Mrakia robertii	0.1333	2	0.7405	1.2595	0.550058333333333
10	Cryptococcus gastricus	0.1337	4	2.1941	1.8059	0.550058333333333
10	Piskurozyma taiwanensis	0.1339	2	0.731	1.269	0.550058333333333
22	Teunomyces cretensis/kruisii complex	0.1341	10	7.0474	2.9526	0.550058333333333
4	Mrakiella aquatica	0.1412	1	0.1481	0.8519	0.554713043478261
10	Yamadazyma mexicana	0.1416	4	2.2217	1.7783	0.554713043478261
10	Candida norvegica	0.1417	3	1.4722	1.5278	0.554713043478261
10	Hanseniaspora osmophila	0.1419	4	2.221	1.779	0.554713043478261
10	Candida vartiovaarae	0.1438	3	1.4646	1.5354	0.554713043478261
10	Lachancea nothofagi	0.1439	3	1.465	1.535	0.554713043478261
10	Ambrosiozyma oregonensis	0.144	2	0.7518	1.2482	0.554713043478261
4	Kwoniella shandongensis	0.1492	1	0.1576	0.8424	0.569789655172414
22	Aureobasidium pullulans	0.1532	6	3.8503	2.1497	0.580064957264957
22	Schwanniomyces pseudopolymorphus	0.1614	4	2.2826	1.7174	0.605933898305085
30	Groenewaldozyma salmanticensis	0.1657	2	0.7781	1.2219	0.616849579831933
30	Suhomyces xylopsoci/prunicola/pyralidae	0.1682	2	0.7794	1.2206	0.619110655737705
30	Cyberlindnera culbertsonii	0.1692	2	0.7954	1.2046	0.619110655737705
30	Pichia sp.	0.1705	2	0.7839	1.2161	0.619110655737705
30	Sugiyamaella paludigena	0.1719	2	0.7794	1.2206	0.619119512195122
10	Saccharomyces eubayanus	0.1785	6	4.0428	1.9572	0.636148
22	Scheffersomyces shehatae	0.1795	3	1.5759	1.4241	0.636148
22	Candida boidinii	0.186	3	1.5923	1.4077	0.640986923076923
22	Rhodotorula mucilaginosa	0.1896	3	1.6041	1.3959	0.640986923076923
22	Cryptococcus flavescens	0.191	5	3.223	1.777	0.640986923076923
22	Metschnikowia viticola	0.1925	3	1.6059	1.3941	0.640986923076923
22	Lachancea fermentati	0.201	8	5.822	2.178	0.640986923076923
30	Nakazawaea holstii	0.2038	7	4.9424	2.0576	0.640986923076923
10	Trichosporon porosum	0.2221	7	5.1428	1.8572	0.640986923076923
10	Scheffersomyces ergatensis	0.2287	9	6.9688	2.0312	0.640986923076923
4	Papiliotrema flavescens	0.2301	1	0.2541	0.7459	0.640986923076923
22	Pichia fermentans	0.2307	7	5.1568	1.8432	0.640986923076923
22	Nakazawaea molendini-olei	0.2393	2	0.954	1.046	0.640986923076923
22	Suhomyces tanzawaensis	0.2397	2	0.9566	1.0434	0.640986923076923
22	Candida germanica	0.2398	2	0.9547	1.0453	0.640986923076923
22	Candida savonica	0.2399	2	0.9578	1.0422	0.640986923076923
22	Zygosaccharomyces florentinus	0.2416	2	0.9621	1.0379	0.640986923076923
22	Schwanniomyces vanrijiae	0.2421	2	0.9575	1.0425	0.640986923076923
10	Candida sp.	0.2487	6	4.4162	1.5838	0.640986923076923
22	Kazachstania kunashirensis	0.2493	2	0.974	1.026	0.640986923076923
30	Schwanniomyces pseudopolymorphus	0.2563	3	1.7995	1.2005	0.640986923076923
30	Trichosporon japonicum	0.2564	1	0.2564	0.7436	0.640986923076923
30	Coniochaeta hoffmannii	0.257	1	0.257	0.743	0.640986923076923
30	Candida bombi	0.2571	1	0.2571	0.7429	0.640986923076923
30	Blastobotrys buckinghamii	0.2577	1	0.2577	0.7423	0.640986923076923
30	Naganishia friedmannii	0.2577	1	0.2577	0.7423	0.640986923076923
30	Ogataea sp.	0.2578	1	0.2578	0.7422	0.640986923076923
30	Suhomyces atakaporum	0.2586	1	0.2586	0.7414	0.640986923076923
30	Zygoascus meyerae/hellenicus	0.2591	1	0.2591	0.7409	0.640986923076923
30	Wickerhamomyces hampsirensis	0.2599	1	0.2599	0.7401	0.640986923076923
30	Trichosporon asahii	0.2607	1	0.2607	0.7393	0.640986923076923
22	Saccharomyces eubayanus	0.2608	5	3.5421	1.4579	0.640986923076923
30	Pichia pastoris	0.261	1	0.261	0.739	0.640986923076923
30	Scheffersomyces stipitis	0.261	1	0.261	0.739	0.640986923076923
30	Debaryomyces sp.	0.2615	1	0.2615	0.7385	0.640986923076923
30	Ogataea dorogensis	0.2615	1	0.2615	0.7385	0.640986923076923
30	Sugiyamaella chiloensis	0.2618	1	0.2618	0.7382	0.640986923076923
30	Candida subhashii	0.2625	1	0.2625	0.7375	0.640986923076923
10	Pichia kluyveri	0.2632	3	1.8302	1.1698	0.640986923076923
30	Fibulobasidium inconspicuum	0.2632	1	0.2632	0.7368	0.640986923076923
30	Ogataea pini	0.2637	1	0.2637	0.7363	0.640986923076923
30	Ogataea zsoltii	0.2639	1	0.2639	0.7361	0.640986923076923
10	Papiliotrema flavescens	0.264	3	1.8328	1.1672	0.640986923076923
30	Candida sanyaensis	0.2641	1	0.2641	0.7359	0.640986923076923
30	Candida intermedia	0.2642	1	0.2642	0.7358	0.640986923076923
30	Ogataea polymorpha	0.2646	1	0.2646	0.7354	0.640986923076923
30	Cyberlindnera japonica	0.2652	1	0.2652	0.7348	0.640986923076923
30	Teunomyces carpophila	0.2659	3	1.8193	1.1807	0.640986923076923
30	Phaeoacremonium rubrigenum	0.2661	1	0.2661	0.7339	0.640986923076923
30	Cyberlindnera sp.	0.2663	1	0.2663	0.7337	0.640986923076923
30	Cyberlindnera suaveolens	0.2669	1	0.2669	0.7331	0.640986923076923
30	Kuraishia ogatae	0.2678	1	0.2678	0.7322	0.640986923076923
4	Cryptococcus victoriae	0.27	1	0.3082	0.6918	0.640986923076923
30	Cyberlindnera jadinii	0.2717	1	0.2717	0.7283	0.640986923076923
4	Cryptococcus gastricus	0.2738	1	0.3076	0.6924	0.640986923076923
30	Wickerhamomyces onychis	0.2773	2	1.0388	0.9612	0.640986923076923
30	Candida tropicalis	0.2801	2	1.0433	0.9567	0.640986923076923
22	Nakazawaea anatomiae/populi sp. complex	0.2918	7	5.4773	1.5227	0.640986923076923
4	Teunomyces cretensis/kruisii complex	0.2978	2	1.1068	0.8932	0.640986923076923
10	Mrakiella aquatica	0.2984	2	1.0844	0.9156	0.640986923076923
10	Hanseniaspora sp.	0.3032	2	1.1049	0.8951	0.640986923076923
10	Kwoniella shandongensis	0.3032	2	1.1045	0.8955	0.640986923076923
22	Schwanniomyces polymorphus	0.3034	3	1.9446	1.0554	0.640986923076923
10	Rhodotorula babjevae	0.311	2	1.1088	0.8912	0.640986923076923
22	Cryptococcus heveanensis	0.3136	1	0.3136	0.6864	0.640986923076923
22	Kuraishia capsulata	0.3136	1	0.3136	0.6864	0.640986923076923
22	Nakazawaea sp.	0.3137	1	0.3137	0.6863	0.640986923076923
22	Tremella encephala	0.3141	1	0.3141	0.6859	0.640986923076923
22	Kwoniella newhampshirensis	0.3145	1	0.3145	0.6855	0.640986923076923
22	Isaria sp.	0.316	1	0.316	0.684	0.640986923076923
22	Candida friedrichii	0.3165	1	0.3165	0.6835	0.640986923076923
22	Kazachstania aerobia	0.3167	1	0.3167	0.6833	0.640986923076923
22	Rhodotorula paludigena	0.3172	1	0.3172	0.6828	0.640986923076923
22	Pichia sporocuriosa	0.3179	1	0.3179	0.6821	0.640986923076923
22	Pichia occidentalis	0.3184	1	0.3184	0.6816	0.640986923076923
22	Candida sorboxylosa	0.3185	1	0.3185	0.6815	0.640986923076923
22	Candida jaroonii	0.3187	1	0.3187	0.6813	0.640986923076923
22	Pichia cecembensis	0.3189	1	0.3189	0.6811	0.640986923076923
22	Kloeckera lindneri	0.3195	1	0.3195	0.6805	0.640986923076923
22	Talaromyces amestolkiae	0.3198	1	0.3198	0.6802	0.640986923076923
22	Vishniacozyma dimennae	0.3206	1	0.3206	0.6794	0.640986923076923
22	Phialemoniopsis ocularis	0.3211	1	0.3211	0.6789	0.640986923076923
22	Vanrija musci	0.322	1	0.322	0.678	0.640986923076923
22	Cadophora malorum	0.3222	1	0.3222	0.6778	0.640986923076923
22	Suhomyces vadensis	0.3222	1	0.3222	0.6778	0.640986923076923
22	Rhodotorula graminis	0.3225	1	0.3225	0.6775	0.640986923076923
22	Trichosporon moniliiforme	0.3226	1	0.3226	0.6774	0.640986923076923
22	Mrakia curviuscula	0.3227	1	0.3227	0.6773	0.640986923076923
22	Candida silvanorum	0.3228	1	0.3228	0.6772	0.640986923076923
22	Rhodosporidiobolus poonsookiae	0.3229	1	0.3229	0.6771	0.640986923076923
22	Suhomyces anneliseae	0.3233	1	0.3233	0.6767	0.640986923076923
22	Candida argentea	0.3235	1	0.3235	0.6765	0.640986923076923
22	Kwoniella pini	0.3235	1	0.3235	0.6765	0.640986923076923
22	Lachancea lanzarotensis	0.3235	1	0.3235	0.6765	0.640986923076923
22	Tremella moriformis	0.3235	1	0.3235	0.6765	0.640986923076923
22	Sugiyamaella novakii	0.3239	1	0.3239	0.6761	0.640986923076923
22	Hanseniaspora opuntiae	0.3263	1	0.3263	0.6737	0.640986923076923
22	Candida zeylanoides	0.3276	1	0.3276	0.6724	0.640986923076923
22	Candida pseudorhagii	0.331	1	0.331	0.669	0.640986923076923
30	Barnettozyma californica	0.3443	3	2.0808	0.9192	0.640986923076923
10	Hyphopichia pseudoburtonii	0.3552	1	0.3552	0.6448	0.640986923076923
10	Cystofilobasidium sp.	0.3557	1	0.3557	0.6443	0.640986923076923
10	Dothiora oleae	0.3609	1	0.3609	0.6391	0.640986923076923
10	Lachancea sp.	0.3617	1	0.3617	0.6383	0.640986923076923
10	Saturnispora dispora	0.3618	1	0.3618	0.6382	0.640986923076923
10	Candida montana	0.3622	1	0.3622	0.6378	0.640986923076923
10	Rhodosporidium babjevae	0.3632	1	0.3632	0.6368	0.640986923076923
10	Aureobasidium sp.	0.3633	1	0.3633	0.6367	0.640986923076923
10	Sporidiobolus salmonicolor	0.3634	1	0.3634	0.6366	0.640986923076923
10	Solicoccozyma aeria	0.3637	1	0.3637	0.6363	0.640986923076923
10	Rhodotorula araqucariae	0.3641	1	0.3641	0.6359	0.640986923076923
22	Kluyveromyces lactis	0.3644	12	10.5896	1.4104	0.640986923076923
10	Saccharomyces uvarum	0.3645	1	0.3645	0.6355	0.640986923076923
10	Cryptococcus carnescens	0.3646	1	0.3646	0.6354	0.640986923076923
10	Peterozyma toletana	0.3646	1	0.3646	0.6354	0.640986923076923
10	Cryptococcus cuniculi	0.3648	1	0.3648	0.6352	0.640986923076923
10	Holtermanniella festucosa	0.3648	1	0.3648	0.6352	0.640986923076923
10	Leucosporidium drummii	0.3654	1	0.3654	0.6346	0.640986923076923
10	Cystofilobasidium	0.3658	1	0.3658	0.6342	0.640986923076923
10	Saccharomycopsis sp.	0.3663	1	0.3663	0.6337	0.640986923076923
10	Cryptococcus tahquamenonensis	0.3666	1	0.3666	0.6334	0.640986923076923
10	Metschnikowia bicuspidata	0.3673	1	0.3673	0.6327	0.640986923076923
10	Candida derodonti	0.3679	1	0.3679	0.6321	0.640986923076923
10	Rhodosporidium sp.	0.3687	1	0.3687	0.6313	0.640986923076923
10	Mrakia psychrophila	0.3691	1	0.3691	0.6309	0.640986923076923
10	Oberwinklerozyma straminea	0.3691	1	0.3691	0.6309	0.640986923076923
10	Cephalosporium sp.	0.3697	1	0.3697	0.6303	0.640986923076923
10	Cryptococcus podzolicus	0.3703	1	0.3703	0.6297	0.640986923076923
10	Cryptococcus saitoi	0.3714	1	0.3714	0.6286	0.640986923076923
10	Trichosporon xylopini	0.3714	1	0.3714	0.6286	0.640986923076923
10	Cystofilobasidium mecerans	0.3717	1	0.3717	0.6283	0.640986923076923
10	Cystofilobasidium macarens	0.3727	1	0.3727	0.6273	0.640986923076923
10	Hanseniaspora valbyensis	0.3734	1	0.3734	0.6266	0.640986923076923
10	Leucosporidium creatinivora	0.3735	1	0.3735	0.6265	0.640986923076923
10	Candida californica	0.3736	1	0.3736	0.6264	0.640986923076923
10	Hypocrea lixii	0.3757	1	0.3757	0.6243	0.640986923076923
10	Rhodotorula nothofagii	0.3762	1	0.3762	0.6238	0.640986923076923
4	Leucosporidium scottii	0.3809	1	0.4656	0.5344	0.644717175572519
22	Rhodotorula glutinis	0.3813	2	1.2818	0.7182	0.644717175572519
22	Zygowilliopsis californica	0.3837	2	1.285	0.715	0.645442641509434
30	Metschnikowia viticola	0.3855	2	1.3017	0.6983	0.645442641509434
22	Candida tropicalis	0.3861	2	1.2822	0.7178	0.645442641509434
10	Nakazawaea holstii	0.3889	8	6.9515	1.0485	0.647679323308271
30	Rhodotorula mucilaginosa	0.3909	2	1.3131	0.6869	0.64857191011236
30	Geotrichum candidum	0.3933	2	1.309	0.691	0.650119029850746
4	Cryptococcus flavescens	0.3971	1	0.4991	0.5009	0.653960223048327
22	Saccharomyces cerevisiae	0.4076	9	8.0011	0.998900000000001	0.667605904059041
22	Meyerozyma caribbica	0.4084	7	6.0919	0.9081	0.667605904059041
30	Pichia fermentans	0.4101	5	4.1794	0.8206	0.667920220588235
10	Teunomyces cretensis/kruisii complex	0.4151	9	8.0831	0.9169	0.673587179487179
10	Candida santamariae	0.4312	4	3.2825	0.7175	0.695429454545454
4	Tausonia pullulans	0.4317	1	0.5468	0.4532	0.695429454545454
30	Starmerella bombicola	0.4473	1	0.5165	0.4835	0.710521908127209
30	Sugiyamaella smithiae	0.4494	1	0.5143	0.4857	0.710521908127209
30	Coniochaeta ligniaria	0.4497	1	0.5213	0.4787	0.710521908127209
30	Candida parapsilosis	0.4499	1	0.5208	0.4792	0.710521908127209
30	Naganishia albida	0.4501	1	0.5162	0.4838	0.710521908127209
30	Suhomyces bolitotheri	0.4527	4	3.386	0.614	0.710521908127209
30	Pichia terricola	0.4531	1	0.5229	0.4771	0.710521908127209
30	Wickerhamomyces hampshirensis	0.4539	1	0.5252	0.4748	0.710521908127209
30	Sugiyamaella lignohabitans	0.4573	1	0.5275	0.4725	0.711887108013937
30	Debaryomyces nepalensis	0.4607	1	0.532	0.468	0.711887108013937
30	Nakazawaea anatomiae/populi sp. complex	0.4612	5	4.4026	0.5974	0.711887108013937
30	Pichia scaptomyzae	0.4612	1	0.5248	0.4752	0.711887108013937
22	Wickerhamomyces anomalus	0.4681	7	6.3927	0.6073	0.720028819444444
10	Rhodotorula glutinis	0.4699	2	1.4678	0.5322	0.720296539792388
22	Rhodotorula nothofagi	0.4797	6	5.4508	0.5492	0.732783103448276
30	Schwanniomyces polymorphus	0.4857	2	1.5538	0.4462	0.739398969072165
10	Candida railenensis	0.4895	16	15.4356	0.564399999999999	0.74251638225256
22	Leotiomycetes sp.	0.4911	4	3.5347	0.4653	0.74251638225256
10	Teunomyces carpophila	0.5038	3	2.5611	0.4389	0.759127210884354
22	Candida albicans	0.5158	2	1.6111	0.3889	0.770564423076923
22	Metschnikowia reukaufii	0.5228	2	1.6188	0.3812	0.770564423076923
22	Candida melibiosica	0.5297	1	0.6369	0.3631	0.770564423076923
10	Cryptococcus flavescens	0.5305	4	3.6599	0.3401	0.770564423076923
22	Debaryomyces nepalensis	0.5305	1	0.632	0.368	0.770564423076923
22	Pichia scaptomyzae	0.5333	1	0.635	0.365	0.770564423076923
22	Papiliotrema wisconsinensis	0.534	1	0.6439	0.3561	0.770564423076923
22	Candida xestobii	0.5342	1	0.637	0.363	0.770564423076923
22	Sugiyamaella lignohabitans	0.5348	1	0.6363	0.3637	0.770564423076923
30	Hanseniaspora uvarum	0.5369	22	21.8871	0.1129	0.770564423076923
22	Kluyveromyces dobzhanskii	0.5373	7	6.7495	0.2505	0.770564423076923
22	Naganishia albida	0.5396	1	0.6439	0.3561	0.770564423076923
22	Cryptococcus musci	0.5398	1	0.6418	0.3582	0.770564423076923
22	Pichia terricola	0.5408	1	0.6423	0.3577	0.770564423076923
22	Kwoniella heveanensis	0.5422	1	0.6431	0.3569	0.770564423076923
22	Sugiyamaella smithiae	0.5423	1	0.6454	0.3546	0.770564423076923
22	Cryptococcus surugaensis	0.5426	1	0.6411	0.3589	0.770564423076923
22	Candida nitratophila	0.5427	1	0.6451	0.3549	0.770564423076923
22	Wickerhamomyces hampshirensis	0.5461	1	0.6552	0.3448	0.772914696485623
22	Candida coipomoensis	0.5479	1	0.6517	0.3483	0.772992675159236
22	Starmerella bombicola	0.552	1	0.6552	0.3448	0.776304761904762
22	Pichia manshurica	0.5703	4	3.8483	0.1517	0.792653571428571
22	Candida sp.	0.5742	4	3.8481	0.1519	0.792653571428571
4	Rhodotorula nothofagi	0.5864	1	0.8521	0.1479	0.792653571428571
10	Goffeauzyma gastrica	0.5884	1	0.7191	0.2809	0.792653571428571
10	Candida nitratophila	0.5925	1	0.7295	0.2705	0.792653571428571
30	Meyerozyma guilliermondii	0.5939	1	0.7859	0.2141	0.792653571428571
10	Kwoniella heveanensis	0.5942	1	0.7269	0.2731	0.792653571428571
10	Pueraria montana	0.5944	1	0.727	0.273	0.792653571428571
30	Schwanniomyces vanrijiae	0.5949	1	0.7881	0.2119	0.792653571428571
10	Candida xestobii	0.5956	1	0.7278	0.2722	0.792653571428571
10	Holtermanniella takashimae	0.5956	1	0.7354	0.2646	0.792653571428571
30	Lachancea quebecensis	0.5956	1	0.7796	0.2204	0.792653571428571
10	Papiliotrema wisconsinensis	0.597	1	0.7316	0.2684	0.792653571428571
30	Candida germanica	0.5972	1	0.7884	0.2116	0.792653571428571
10	Leucosporidium fellii	0.5988	1	0.7282	0.2718	0.792653571428571
30	Scheffersomyces cyptocercus	0.5991	1	0.7895	0.2105	0.792653571428571
10	Candida parapsilosis	0.5992	1	0.7311	0.2689	0.792653571428571
10	Candida coipomoensis	0.5993	1	0.7325	0.2675	0.792653571428571
10	Cryptococcus surugaensis	0.6009	1	0.735	0.265	0.792653571428571
10	Candida melibiosica	0.6012	1	0.7384	0.2616	0.792653571428571
10	Metschnikowia reukaufii	0.6012	2	1.8281	0.1719	0.792653571428571
10	Cryptococcus musci	0.603	1	0.7357	0.2643	0.79266765578635
10	Scheffersomyces shehatae	0.6079	2	1.8503	0.1497	0.795309144542773
10	Geotrichum candidum	0.6086	2	1.8421	0.1579	0.795309144542773
10	Candida boidinii	0.611	2	1.8576	0.1424	0.796097058823529
10	Barnettozyma californica	0.6152	3	2.9362	0.0638000000000001	0.799218768328446
22	Hanseniaspora osmophila	0.6184	2	1.9106	0.0893999999999999	0.801026900584795
22	Yamadazyma mexicana	0.6203	2	1.9228	0.0771999999999999	0.801145481049563
4	Candida sake	0.6306	2	2.1053	-0.1053	0.812080813953489
30	Aureobasidium pullulans	0.6434	3	3.1246	-0.1246	0.826162898550725
22	Candida boleticola	0.6711	3	3.202	-0.202	0.859240751445087
22	Rhodotorula babjevae	0.6849	1	0.968	0.032	0.864098876404494
22	Meyerozyma guilliermondii	0.6863	1	0.9692	0.0308	0.864098876404494
22	Scheffersomyces cyptocercus	0.6869	1	0.9638	0.0362	0.864098876404494
22	Suhomyces xylopsoci/prunicola/pyralidae	0.6872	1	0.97	0.03	0.864098876404494
22	Sugiyamaella paludigena	0.6885	1	0.9653	0.0347	0.864098876404494
22	Lachancea quebecensis	0.6903	1	0.9687	0.0313	0.864098876404494
22	Pichia sp.	0.6904	1	0.9718	0.0282	0.864098876404494
22	Hanseniaspora sp.	0.6922	1	0.9706	0.0294	0.864098876404494
22	Cyberlindnera culbertsonii	0.6936	1	0.9729	0.0271	0.864098876404494
30	Cyberlindnera saturnus	0.6944	10	11.0099	-1.0099	0.864098876404494
30	Suhomyces ambrosiae	0.7015	1	1.0394	-0.0394000000000001	0.868552234636872
30	Zygowilliopsis californica	0.7019	1	1.0419	-0.0419	0.868552234636872
10	Cryptococcus sp.	0.707	3	3.3213	-0.3213	0.872426183844011
30	Candida norvegica	0.7102	1	1.0501	-0.0501	0.873940555555556
10	Hanseniaspora vineae	0.7132	9	9.9175	-0.9175	0.875201108033241
10	Suhomyces tanzawaensis	0.7413	1	1.0992	-0.0992	0.898519565217391
10	Groenewaldozyma salmanticensis	0.7423	1	1.0969	-0.0969	0.898519565217391
10	Meyerozyma guilliermondii	0.7432	1	1.0918	-0.0918000000000001	0.898519565217391
10	Scheffersomyces cyptocercus	0.7436	1	1.0975	-0.0974999999999999	0.898519565217391
10	Candida savonica	0.7458	1	1.1014	-0.1014	0.898519565217391
10	Kazachstania kunashirensis	0.7461	1	1.0973	-0.0972999999999999	0.898519565217391
10	Zygosaccharomyces florentinus	0.7464	1	1.0979	-0.0979000000000001	0.898519565217391
10	Lachancea quebecensis	0.7498	1	1.1021	-0.1021	0.900166395663957
10	Nakazawaea molendini-olei	0.7532	1	1.1191	-0.1191	0.901804324324324
30	Pichia kluyveri	0.776	1	1.2937	-0.2937	0.92565564516129
30	Metschnikowia reukaufii	0.7773	1	1.2986	-0.2986	0.92565564516129
22	Vanrija humicola	0.7806	2	2.5484	-0.5484	0.927093297587131
22	Barnettozyma californica	0.7864	2	2.5845	-0.5845	0.927354521276596
22	Scheffersomyces spartinae	0.7864	1	1.2935	-0.2935	0.927354521276596
22	Lachancea nothofagi	0.7871	1	1.2844	-0.2844	0.927354521276596
22	Candida vartiovaarae	0.7917	1	1.2927	-0.2927	0.928424867724868
22	Wickerhamomyces onychis	0.7922	1	1.288	-0.288	0.928424867724868
10	Nakazawaea anatomiae/populi sp. complex	0.8165	5	6.2872	-1.2872	0.954378627968338
4	Metschnikowia pulcherrima sp. complex	0.8304	2	3.1202	-1.1202	0.960634625322997
22	Debaryomyces hansenii	0.8336	2	2.882	-0.882	0.960634625322997
30	Cryptococcus gastricus	0.8338	1	1.5623	-0.5623	0.960634625322997
30	Rhodosporidiobolus colostri	0.8357	1	1.5562	-0.5562	0.960634625322997
10	Zygowilliopsis californica	0.8384	1	1.4712	-0.4712	0.960634625322997
10	Lachancea thermotolerans/quebecensis	0.8386	1	1.462	-0.462	0.960634625322997
22	Cryptococcus sp.	0.8389	2	2.8996	-0.8996	0.960634625322997
10	Wickerhamomyces onychis	0.8392	1	1.4663	-0.4663	0.960634625322997
10	Mrakiella cryoconiti	0.8421	1	1.4743	-0.4743	0.961469845360825
22	Candida mycetangii	0.8489	1	1.5924	-0.5924	0.965220153061224
22	Cyberlindnera veronae	0.8512	1	1.6057	-0.6057	0.965220153061224
22	Pichia kluyveri	0.854	1	1.6195	-0.6195	0.965220153061224
22	Geotrichum candidum	0.8541	1	1.5954	-0.5954	0.965220153061224
22	Papiliotrema flavescens	0.8573	1	1.6157	-0.6157	0.966371246819338
30	Candida sp.	0.8634	2	3.1304	-1.1304	0.970777157360406
30	Hanseniaspora vineae	0.8729	5	7.0652	-2.0652	0.974822055137845
30	Candida pseudoglaebosa	0.8759	1	1.8242	-0.8242	0.974822055137845
22	Kluyveromyces marxianus	0.8773	3	4.5157	-1.5157	0.974822055137845
10	Aureobasidium pullulans	0.8778	3	4.4235	-1.4235	0.974822055137845
22	Pichia kudriavzevii	0.878	2	3.2077	-1.2077	0.974822055137845
4	Candida railenensis	0.8841	1	2.108	-1.108	0.97914075
10	Pichia fermentans	0.8921	4	5.8619	-1.8619	0.984848507462687
10	Hanseniaspora uvarum	0.8937	26	30.8817	-4.8817	0.984848507462687
10	Cyberlindnera veronae	0.8987	1	1.8528	-0.8528	0.987100495049505
10	Candida mycetangii	0.9002	1	1.8488	-0.8488	0.987100495049505
10	Pichia membranifaciens	0.9025	2	3.3318	-1.3318	0.987179012345679
22	Nakazawaea holstii	0.9093	4	6.1267	-2.1267	0.99216724137931
10	Candida boleticola	0.9299	2	3.6625	-1.6625	1
30	Cryptococcus sp.	0.9342	1	2.3444	-1.3444	1
22	Teunomyces carpophila	0.9348	1	2.2755	-1.2755	1
10	Schwanniomyces polymorphus	0.9349	1	2.202	-1.202	1
10	Cryptococcus pinus	0.9375	1	2.217	-1.217	1
22	Candida pseudoglaebosa	0.938	1	2.2434	-1.2434	1
30	Kazachstania servazzii	0.9388	1	2.3593	-1.3593	1
30	Kluyveromyces dobzhanskii	0.9399	3	5.4676	-2.4676	1
22	Curvibasidium cygneicollum	0.945	4	6.7908	-2.7908	1
22	Lachancea kluyveri	0.9547	5	8.3124	-3.3124	1
22	Metschnikowia pulcherrima sp. complex	0.9653	14	19.9	-5.9	1
22	Candida pseudolambica	0.9683	1	2.8895	-1.8895	1
22	Pichia membranifaciens	0.9693	1	2.8884	-1.8884	1
22	Leucosporidium scottii	0.9701	1	2.8835	-1.8835	1
10	Wickerhamomyces anomalus	0.9714	4	7.3753	-3.3753	1
10	Cyberlindnera saturnus	0.9772	10	15.4388	-5.4388	1
10	Suhomyces bolitotheri	0.9777	2	4.7949	-2.7949	1
10	Metschnikowia pulcherrima sp. complex	0.978	16	22.7934	-6.7934	1
10	Candida pseudolambica	0.9837	1	3.3182	-2.3182	1
10	Debaryomyces hansenii	0.9847	1	3.3064	-2.3064	1
22	Tausonia pullulans	0.9856	1	3.5388	-2.5388	1
10	Kazachstania servazzii	0.9859	1	3.3204	-2.3204	1
10	Pichia kudriavzevii	0.9897	1	3.6621	-2.6621	1
30	Scheffersomyces ergatensis	0.9976	1	4.9853	-3.9853	1
22	Candida sake	0.9977	6	13.4764	-7.4764	1
10	Kluyveromyces lactis	0.9984	5	12.1603	-7.1603	1
10	Meyerozyma caribbica	0.9984	2	7.0258	-5.0258	1
30	Teunomyces cretensis/kruisii complex	0.9986	1	5.7627	-4.7627	1
10	Lachancea thermotolerans	0.9993	6	14.3068	-8.3068	1
30	Candida railenensis	0.9995	3	10.9261	-7.9261	1
10	Lachancea kluyveri	0.9999	2	9.613	-7.613	1
10	Torulaspora delbrueckii	0.9999	27	47.045	-20.045	1
10	Kazachstania martiniae	1	1	15.4725	-14.4725	1
10	Saccharomyces cerevisiae	1	1	9.2359	-8.2359	1
10	Saccharomyces paradoxus	1	6	18.8269	-12.8269	1
22	Cystofilobasidium capitatum	1	1	22.4947	-21.4947	1
30	Candida sake	1	1	10.9632	-9.9632	1
